Sample,Age,GSE
GSM4497381,32,GSE149318
GSM4497382,37,GSE149318
GSM4497383,40,GSE149318
GSM4497384,32,GSE149318
GSM4497385,38,GSE149318
GSM4497386,28,GSE149318
GSM4497389,31,GSE149318
GSM4497390,38,GSE149318
GSM4497391,36,GSE149318
GSM4497392,33,GSE149318
GSM4497394,40,GSE149318
GSM4497397,36,GSE149318
GSM4497398,50,GSE149318
GSM4497399,31,GSE149318
GSM4497400,36,GSE149318
GSM4497401,32,GSE149318
GSM4497404,39,GSE149318
GSM4497405,42,GSE149318
GSM4497406,51,GSE149318
GSM4497407,46,GSE149318
GSM4497408,33,GSE149318
GSM4497410,39,GSE149318
GSM4497411,37,GSE149318
GSM4497412,33,GSE149318
GSM4497413,33,GSE149318
GSM4497414,35,GSE149318
GSM4497416,41,GSE149318
GSM4497417,36,GSE149318
GSM4497421,39,GSE149318
GSM4497423,27,GSE149318
GSM4497424,38,GSE149318
GSM4497425,29,GSE149318
GSM4497426,33,GSE149318
GSM4497427,36,GSE149318
GSM4497450,24,GSE149318
GSM4497452,28,GSE149318
GSM4497453,36,GSE149318
GSM4497454,41,GSE149318
GSM4497455,38,GSE149318
GSM4497457,35,GSE149318
GSM4497458,37,GSE149318
GSM4497459,36,GSE149318
GSM4497460,38,GSE149318
GSM4497461,29,GSE149318
GSM4497462,35,GSE149318
GSM4497464,37,GSE149318
GSM4497465,31,GSE149318
GSM4497466,35,GSE149318
GSM4497468,35,GSE149318
GSM4497469,26,GSE149318
GSM4497471,30,GSE149318
GSM4497493,31,GSE149318
GSM4497494,35,GSE149318
GSM4497495,34,GSE149318
GSM4497496,35,GSE149318
GSM4497498,37,GSE149318
GSM4497499,35,GSE149318
GSM4497503,40,GSE149318
GSM4497504,32,GSE149318
GSM4497506,36,GSE149318
GSM4497507,32,GSE149318
GSM4497511,34,GSE149318
GSM4497512,29,GSE149318
GSM5615301,19,GSE185445
GSM5615470,20,GSE185445
GSM5615241,22,GSE185445
GSM5615194,23,GSE185445
GSM5615257,23,GSE185445
GSM5615273,23,GSE185445
GSM5615402,23,GSE185445
GSM5615430,23,GSE185445
GSM5615231,23,GSE185445
GSM5615113,24,GSE185445
GSM5615213,24,GSE185445
GSM5615232,24,GSE185445
GSM5615276,24,GSE185445
GSM5615327,24,GSE185445
GSM5615342,24,GSE185445
GSM5615398,24,GSE185445
GSM5615418,24,GSE185445
GSM5615438,24,GSE185445
GSM5615481,24,GSE185445
GSM5615138,25,GSE185445
GSM5615170,25,GSE185445
GSM5615180,25,GSE185445
GSM5615272,25,GSE185445
GSM5615277,25,GSE185445
GSM5615296,25,GSE185445
GSM5615340,25,GSE185445
GSM5615363,25,GSE185445
GSM5615380,25,GSE185445
GSM5615428,25,GSE185445
GSM5615440,25,GSE185445
GSM5615445,25,GSE185445
GSM5615479,25,GSE185445
GSM5615124,26,GSE185445
GSM5615128,26,GSE185445
GSM5615145,26,GSE185445
GSM5615147,26,GSE185445
GSM5615159,26,GSE185445
GSM5615199,26,GSE185445
GSM5615215,26,GSE185445
GSM5615218,26,GSE185445
GSM5615292,26,GSE185445
GSM5615306,26,GSE185445
GSM5615308,26,GSE185445
GSM5615322,26,GSE185445
GSM5615372,26,GSE185445
GSM5615120,27,GSE185445
GSM5615122,27,GSE185445
GSM5615133,27,GSE185445
GSM5615144,27,GSE185445
GSM5615149,27,GSE185445
GSM5615156,27,GSE185445
GSM5615161,27,GSE185445
GSM5615165,27,GSE185445
GSM5615166,27,GSE185445
GSM5615181,27,GSE185445
GSM5615196,27,GSE185445
GSM5615203,27,GSE185445
GSM5615209,27,GSE185445
GSM5615211,27,GSE185445
GSM5615261,27,GSE185445
GSM5615264,27,GSE185445
GSM5615265,27,GSE185445
GSM5615268,27,GSE185445
GSM5615281,27,GSE185445
GSM5615302,27,GSE185445
GSM5615313,27,GSE185445
GSM5615336,27,GSE185445
GSM5615352,27,GSE185445
GSM5615395,27,GSE185445
GSM5615435,27,GSE185445
GSM5615452,27,GSE185445
GSM5615112,28,GSE185445
GSM5615131,28,GSE185445
GSM5615158,28,GSE185445
GSM5615162,28,GSE185445
GSM5615178,28,GSE185445
GSM5615193,28,GSE185445
GSM5615205,28,GSE185445
GSM5615210,28,GSE185445
GSM5615217,28,GSE185445
GSM5615226,28,GSE185445
GSM5615233,28,GSE185445
GSM5615236,28,GSE185445
GSM5615242,28,GSE185445
GSM5615246,28,GSE185445
GSM5615317,28,GSE185445
GSM5615318,28,GSE185445
GSM5615326,28,GSE185445
GSM5615357,28,GSE185445
GSM5615364,28,GSE185445
GSM5615378,28,GSE185445
GSM5615405,28,GSE185445
GSM5615410,28,GSE185445
GSM5615422,28,GSE185445
GSM5615461,28,GSE185445
GSM5615462,28,GSE185445
GSM5615475,28,GSE185445
GSM5615489,28,GSE185445
GSM5615118,29,GSE185445
GSM5615125,29,GSE185445
GSM5615132,29,GSE185445
GSM5615154,29,GSE185445
GSM5615160,29,GSE185445
GSM5615191,29,GSE185445
GSM5615207,29,GSE185445
GSM5615228,29,GSE185445
GSM5615229,29,GSE185445
GSM5615255,29,GSE185445
GSM5615259,29,GSE185445
GSM5615262,29,GSE185445
GSM5615263,29,GSE185445
GSM5615271,29,GSE185445
GSM5615275,29,GSE185445
GSM5615312,29,GSE185445
GSM5615329,29,GSE185445
GSM5615330,29,GSE185445
GSM5615332,29,GSE185445
GSM5615338,29,GSE185445
GSM5615367,29,GSE185445
GSM5615375,29,GSE185445
GSM5615379,29,GSE185445
GSM5615391,29,GSE185445
GSM5615444,29,GSE185445
GSM5615448,29,GSE185445
GSM5615449,29,GSE185445
GSM5615450,29,GSE185445
GSM5615466,29,GSE185445
GSM5615220,30,GSE185445
GSM5615443,30,GSE185445
GSM5615243,30,GSE185445
GSM5615223,30,GSE185445
GSM5615388,30,GSE185445
GSM5615146,30,GSE185445
GSM5615476,30,GSE185445
GSM5615321,30,GSE185445
GSM5615361,30,GSE185445
GSM5615400,30,GSE185445
GSM5615285,30,GSE185445
GSM5615345,30,GSE185445
GSM5615425,30,GSE185445
GSM5615266,30,GSE185445
GSM5615134,30,GSE185445
GSM5615224,30,GSE185445
GSM5615187,31,GSE185445
GSM5615225,31,GSE185445
GSM5615396,31,GSE185445
GSM5615484,31,GSE185445
GSM5615157,31,GSE185445
GSM5615460,31,GSE185445
GSM5615346,31,GSE185445
GSM5615389,31,GSE185445
GSM5615374,31,GSE185445
GSM5615142,31,GSE185445
GSM5615370,31,GSE185445
GSM5615381,31,GSE185445
GSM5615303,31,GSE185445
GSM5615192,31,GSE185445
GSM5615315,31,GSE185445
GSM5615163,31,GSE185445
GSM5615152,31,GSE185445
GSM5615151,32,GSE185445
GSM5615114,32,GSE185445
GSM5615251,32,GSE185445
GSM5615356,32,GSE185445
GSM5615365,32,GSE185445
GSM5615451,32,GSE185445
GSM5615219,32,GSE185445
GSM5615279,32,GSE185445
GSM5615117,32,GSE185445
GSM5615135,32,GSE185445
GSM5615119,32,GSE185445
GSM5615175,32,GSE185445
GSM5615323,32,GSE185445
GSM5615289,32,GSE185445
GSM5615383,32,GSE185445
GSM5615249,32,GSE185445
GSM5615417,32,GSE185445
GSM5615115,32,GSE185445
GSM5615415,32,GSE185445
GSM5615183,32,GSE185445
GSM5615387,32,GSE185445
GSM5615139,33,GSE185445
GSM5615184,33,GSE185445
GSM5615368,33,GSE185445
GSM5615299,33,GSE185445
GSM5615490,33,GSE185445
GSM5615206,33,GSE185445
GSM5615227,33,GSE185445
GSM5615300,33,GSE185445
GSM5615343,33,GSE185445
GSM5615331,33,GSE185445
GSM5615432,33,GSE185445
GSM5615429,33,GSE185445
GSM5615353,33,GSE185445
GSM5615167,33,GSE185445
GSM5615454,33,GSE185445
GSM5615121,34,GSE185445
GSM5615310,34,GSE185445
GSM5615260,34,GSE185445
GSM5615173,34,GSE185445
GSM5615168,34,GSE185445
GSM5615176,34,GSE185445
GSM5615483,34,GSE185445
GSM5615487,34,GSE185445
GSM5615130,34,GSE185445
GSM5615341,34,GSE185445
GSM5615392,34,GSE185445
GSM5615250,34,GSE185445
GSM5615447,34,GSE185445
GSM5615394,34,GSE185445
GSM5615473,34,GSE185445
GSM5615185,34,GSE185445
GSM5615295,34,GSE185445
GSM5615270,34,GSE185445
GSM5615214,35,GSE185445
GSM5615335,35,GSE185445
GSM5615390,35,GSE185445
GSM5615256,35,GSE185445
GSM5615386,35,GSE185445
GSM5615458,35,GSE185445
GSM5615140,35,GSE185445
GSM5615464,35,GSE185445
GSM5615240,36,GSE185445
GSM5615333,36,GSE185445
GSM5615116,36,GSE185445
GSM5615411,36,GSE185445
GSM5615127,36,GSE185445
GSM5615234,36,GSE185445
GSM5615441,36,GSE185445
GSM5615347,36,GSE185445
GSM5615177,37,GSE185445
GSM5615244,37,GSE185445
GSM5615126,37,GSE185445
GSM5615348,37,GSE185445
GSM5615245,37,GSE185445
GSM5615437,37,GSE185445
GSM5615221,38,GSE185445
GSM5615376,38,GSE185445
GSM5615401,38,GSE185445
GSM5615174,38,GSE185445
GSM5615237,38,GSE185445
GSM5615195,39,GSE185445
GSM5615239,39,GSE185445
GSM5615169,39,GSE185445
GSM5615143,39,GSE185445
GSM5615456,40,GSE185445
GSM5626446,21,GSE185920
GSM5625784,22,GSE185920
GSM5626440,22,GSE185920
GSM5626557,22,GSE185920
GSM5626688,22,GSE185920
GSM5625913,23,GSE185920
GSM5626128,23,GSE185920
GSM5626278,23,GSE185920
GSM5626435,23,GSE185920
GSM5626485,23,GSE185920
GSM5626627,23,GSE185920
GSM5626895,23,GSE185920
GSM5625899,24,GSE185920
GSM5625971,24,GSE185920
GSM5626061,24,GSE185920
GSM5626249,24,GSE185920
GSM5626288,24,GSE185920
GSM5626352,24,GSE185920
GSM5626447,24,GSE185920
GSM5626483,24,GSE185920
GSM5626493,24,GSE185920
GSM5626563,24,GSE185920
GSM5626686,24,GSE185920
GSM5626708,24,GSE185920
GSM5626709,24,GSE185920
GSM5626737,24,GSE185920
GSM5626757,24,GSE185920
GSM5626884,24,GSE185920
GSM5626918,24,GSE185920
GSM5627018,24,GSE185920
GSM5627211,24,GSE185920
GSM5626224,24,GSE185920
GSM5626379,24,GSE185920
GSM5626560,24,GSE185920
GSM5626648,24,GSE185920
GSM5625764,25,GSE185920
GSM5626037,25,GSE185920
GSM5626407,25,GSE185920
GSM5626433,25,GSE185920
GSM5626441,25,GSE185920
GSM5626497,25,GSE185920
GSM5626532,25,GSE185920
GSM5626571,25,GSE185920
GSM5626587,25,GSE185920
GSM5626595,25,GSE185920
GSM5626626,25,GSE185920
GSM5626628,25,GSE185920
GSM5626662,25,GSE185920
GSM5626670,25,GSE185920
GSM5626701,25,GSE185920
GSM5626727,25,GSE185920
GSM5626774,25,GSE185920
GSM5626852,25,GSE185920
GSM5626898,25,GSE185920
GSM5626939,25,GSE185920
GSM5627045,25,GSE185920
GSM5627094,25,GSE185920
GSM5627126,25,GSE185920
GSM5627203,25,GSE185920
GSM5625761,26,GSE185920
GSM5625778,26,GSE185920
GSM5625788,26,GSE185920
GSM5625793,26,GSE185920
GSM5625800,26,GSE185920
GSM5625827,26,GSE185920
GSM5625890,26,GSE185920
GSM5625916,26,GSE185920
GSM5625928,26,GSE185920
GSM5625986,26,GSE185920
GSM5625991,26,GSE185920
GSM5625997,26,GSE185920
GSM5626002,26,GSE185920
GSM5626011,26,GSE185920
GSM5626025,26,GSE185920
GSM5626090,26,GSE185920
GSM5626106,26,GSE185920
GSM5626143,26,GSE185920
GSM5626145,26,GSE185920
GSM5626169,26,GSE185920
GSM5626197,26,GSE185920
GSM5626234,26,GSE185920
GSM5626294,26,GSE185920
GSM5626301,26,GSE185920
GSM5626304,26,GSE185920
GSM5626355,26,GSE185920
GSM5626362,26,GSE185920
GSM5626442,26,GSE185920
GSM5626487,26,GSE185920
GSM5626503,26,GSE185920
GSM5626522,26,GSE185920
GSM5626609,26,GSE185920
GSM5626672,26,GSE185920
GSM5626674,26,GSE185920
GSM5626687,26,GSE185920
GSM5626702,26,GSE185920
GSM5626715,26,GSE185920
GSM5626719,26,GSE185920
GSM5626728,26,GSE185920
GSM5626748,26,GSE185920
GSM5626897,26,GSE185920
GSM5626994,26,GSE185920
GSM5627063,26,GSE185920
GSM5627066,26,GSE185920
GSM5627102,26,GSE185920
GSM5627119,26,GSE185920
GSM5627121,26,GSE185920
GSM5627141,26,GSE185920
GSM5627210,26,GSE185920
GSM5627214,26,GSE185920
GSM5625760,27,GSE185920
GSM5625772,27,GSE185920
GSM5625790,27,GSE185920
GSM5625851,27,GSE185920
GSM5625872,27,GSE185920
GSM5625892,27,GSE185920
GSM5625952,27,GSE185920
GSM5625953,27,GSE185920
GSM5625960,27,GSE185920
GSM5625970,27,GSE185920
GSM5626069,27,GSE185920
GSM5626088,27,GSE185920
GSM5626211,27,GSE185920
GSM5626213,27,GSE185920
GSM5626214,27,GSE185920
GSM5626217,27,GSE185920
GSM5626245,27,GSE185920
GSM5626262,27,GSE185920
GSM5626268,27,GSE185920
GSM5626308,27,GSE185920
GSM5626320,27,GSE185920
GSM5626326,27,GSE185920
GSM5626353,27,GSE185920
GSM5626365,27,GSE185920
GSM5626368,27,GSE185920
GSM5626420,27,GSE185920
GSM5626434,27,GSE185920
GSM5626460,27,GSE185920
GSM5626469,27,GSE185920
GSM5626470,27,GSE185920
GSM5626474,27,GSE185920
GSM5626510,27,GSE185920
GSM5626527,27,GSE185920
GSM5626547,27,GSE185920
GSM5626578,27,GSE185920
GSM5626588,27,GSE185920
GSM5626589,27,GSE185920
GSM5626642,27,GSE185920
GSM5626667,27,GSE185920
GSM5626685,27,GSE185920
GSM5626696,27,GSE185920
GSM5626705,27,GSE185920
GSM5626713,27,GSE185920
GSM5626718,27,GSE185920
GSM5626720,27,GSE185920
GSM5626749,27,GSE185920
GSM5626781,27,GSE185920
GSM5626810,27,GSE185920
GSM5626828,27,GSE185920
GSM5626830,27,GSE185920
GSM5626840,27,GSE185920
GSM5626857,27,GSE185920
GSM5626865,27,GSE185920
GSM5626923,27,GSE185920
GSM5626976,27,GSE185920
GSM5626986,27,GSE185920
GSM5626988,27,GSE185920
GSM5626998,27,GSE185920
GSM5627017,27,GSE185920
GSM5627051,27,GSE185920
GSM5627056,27,GSE185920
GSM5627062,27,GSE185920
GSM5627065,27,GSE185920
GSM5627076,27,GSE185920
GSM5627117,27,GSE185920
GSM5627128,27,GSE185920
GSM5627155,27,GSE185920
GSM5627181,27,GSE185920
GSM5627200,27,GSE185920
GSM5627222,27,GSE185920
GSM5625771,28,GSE185920
GSM5625775,28,GSE185920
GSM5625792,28,GSE185920
GSM5625799,28,GSE185920
GSM5625884,28,GSE185920
GSM5625897,28,GSE185920
GSM5625904,28,GSE185920
GSM5625930,28,GSE185920
GSM5626047,28,GSE185920
GSM5626052,28,GSE185920
GSM5626099,28,GSE185920
GSM5626110,28,GSE185920
GSM5626146,28,GSE185920
GSM5626181,28,GSE185920
GSM5626223,28,GSE185920
GSM5626231,28,GSE185920
GSM5626255,28,GSE185920
GSM5626297,28,GSE185920
GSM5626300,28,GSE185920
GSM5626313,28,GSE185920
GSM5626345,28,GSE185920
GSM5626370,28,GSE185920
GSM5626427,28,GSE185920
GSM5626438,28,GSE185920
GSM5626449,28,GSE185920
GSM5626511,28,GSE185920
GSM5626530,28,GSE185920
GSM5626536,28,GSE185920
GSM5626538,28,GSE185920
GSM5626548,28,GSE185920
GSM5626559,28,GSE185920
GSM5626617,28,GSE185920
GSM5626640,28,GSE185920
GSM5626646,28,GSE185920
GSM5626650,28,GSE185920
GSM5626654,28,GSE185920
GSM5626669,28,GSE185920
GSM5626693,28,GSE185920
GSM5626706,28,GSE185920
GSM5626732,28,GSE185920
GSM5626733,28,GSE185920
GSM5626741,28,GSE185920
GSM5626753,28,GSE185920
GSM5626775,28,GSE185920
GSM5626778,28,GSE185920
GSM5626808,28,GSE185920
GSM5626809,28,GSE185920
GSM5626822,28,GSE185920
GSM5626826,28,GSE185920
GSM5626827,28,GSE185920
GSM5626834,28,GSE185920
GSM5626837,28,GSE185920
GSM5626845,28,GSE185920
GSM5626874,28,GSE185920
GSM5626885,28,GSE185920
GSM5626907,28,GSE185920
GSM5626909,28,GSE185920
GSM5626920,28,GSE185920
GSM5626925,28,GSE185920
GSM5626980,28,GSE185920
GSM5627020,28,GSE185920
GSM5627022,28,GSE185920
GSM5627083,28,GSE185920
GSM5627085,28,GSE185920
GSM5627175,28,GSE185920
GSM5625769,29,GSE185920
GSM5625776,29,GSE185920
GSM5625791,29,GSE185920
GSM5625802,29,GSE185920
GSM5625815,29,GSE185920
GSM5625817,29,GSE185920
GSM5625915,29,GSE185920
GSM5625937,29,GSE185920
GSM5625945,29,GSE185920
GSM5625961,29,GSE185920
GSM5625998,29,GSE185920
GSM5626024,29,GSE185920
GSM5626035,29,GSE185920
GSM5626050,29,GSE185920
GSM5626064,29,GSE185920
GSM5626073,29,GSE185920
GSM5626082,29,GSE185920
GSM5626085,29,GSE185920
GSM5626148,29,GSE185920
GSM5626150,29,GSE185920
GSM5626194,29,GSE185920
GSM5626220,29,GSE185920
GSM5626247,29,GSE185920
GSM5626252,29,GSE185920
GSM5626263,29,GSE185920
GSM5626298,29,GSE185920
GSM5626334,29,GSE185920
GSM5626445,29,GSE185920
GSM5626454,29,GSE185920
GSM5626491,29,GSE185920
GSM5626525,29,GSE185920
GSM5626551,29,GSE185920
GSM5626565,29,GSE185920
GSM5626597,29,GSE185920
GSM5626604,29,GSE185920
GSM5626610,29,GSE185920
GSM5626625,29,GSE185920
GSM5626631,29,GSE185920
GSM5626635,29,GSE185920
GSM5626637,29,GSE185920
GSM5626649,29,GSE185920
GSM5626661,29,GSE185920
GSM5626678,29,GSE185920
GSM5626697,29,GSE185920
GSM5626746,29,GSE185920
GSM5626759,29,GSE185920
GSM5626792,29,GSE185920
GSM5626806,29,GSE185920
GSM5626811,29,GSE185920
GSM5626860,29,GSE185920
GSM5626901,29,GSE185920
GSM5626929,29,GSE185920
GSM5626948,29,GSE185920
GSM5626949,29,GSE185920
GSM5627000,29,GSE185920
GSM5627021,29,GSE185920
GSM5627033,29,GSE185920
GSM5627044,29,GSE185920
GSM5627047,29,GSE185920
GSM5627067,29,GSE185920
GSM5627073,29,GSE185920
GSM5627080,29,GSE185920
GSM5627092,29,GSE185920
GSM5627096,29,GSE185920
GSM5627138,29,GSE185920
GSM5627140,29,GSE185920
GSM5627227,29,GSE185920
GSM5625773,30,GSE185920
GSM5626903,30,GSE185920
GSM5627146,30,GSE185920
GSM5627143,30,GSE185920
GSM5627149,30,GSE185920
GSM5627157,30,GSE185920
GSM5627079,30,GSE185920
GSM5626486,30,GSE185920
GSM5625966,30,GSE185920
GSM5625856,30,GSE185920
GSM5626312,30,GSE185920
GSM5626335,30,GSE185920
GSM5626607,30,GSE185920
GSM5626790,30,GSE185920
GSM5626287,30,GSE185920
GSM5626553,30,GSE185920
GSM5626124,30,GSE185920
GSM5625835,30,GSE185920
GSM5625902,30,GSE185920
GSM5626023,30,GSE185920
GSM5626489,30,GSE185920
GSM5626501,30,GSE185920
GSM5627215,30,GSE185920
GSM5626636,30,GSE185920
GSM5627081,30,GSE185920
GSM5627152,30,GSE185920
GSM5625829,30,GSE185920
GSM5626133,30,GSE185920
GSM5627050,30,GSE185920
GSM5626296,30,GSE185920
GSM5626282,30,GSE185920
GSM5625923,30,GSE185920
GSM5626164,30,GSE185920
GSM5625935,30,GSE185920
GSM5626858,30,GSE185920
GSM5626331,30,GSE185920
GSM5626457,30,GSE185920
GSM5626193,30,GSE185920
GSM5626202,30,GSE185920
GSM5626993,30,GSE185920
GSM5626480,30,GSE185920
GSM5626797,30,GSE185920
GSM5625932,30,GSE185920
GSM5625982,30,GSE185920
GSM5625783,30,GSE185920
GSM5626380,30,GSE185920
GSM5626393,30,GSE185920
GSM5625943,30,GSE185920
GSM5626847,30,GSE185920
GSM5625811,30,GSE185920
GSM5625859,30,GSE185920
GSM5626299,30,GSE185920
GSM5626094,30,GSE185920
GSM5626638,30,GSE185920
GSM5627104,30,GSE185920
GSM5626366,30,GSE185920
GSM5626115,30,GSE185920
GSM5626240,30,GSE185920
GSM5626876,30,GSE185920
GSM5626484,30,GSE185920
GSM5626170,31,GSE185920
GSM5626677,31,GSE185920
GSM5626624,31,GSE185920
GSM5626494,31,GSE185920
GSM5627163,31,GSE185920
GSM5627010,31,GSE185920
GSM5625929,31,GSE185920
GSM5626992,31,GSE185920
GSM5625940,31,GSE185920
GSM5626134,31,GSE185920
GSM5626040,31,GSE185920
GSM5626952,31,GSE185920
GSM5627145,31,GSE185920
GSM5626113,31,GSE185920
GSM5626603,31,GSE185920
GSM5626318,31,GSE185920
GSM5626623,31,GSE185920
GSM5626157,31,GSE185920
GSM5625969,31,GSE185920
GSM5627107,31,GSE185920
GSM5626097,31,GSE185920
GSM5625767,31,GSE185920
GSM5625768,31,GSE185920
GSM5625903,31,GSE185920
GSM5626612,31,GSE185920
GSM5626508,31,GSE185920
GSM5626184,31,GSE185920
GSM5627199,31,GSE185920
GSM5626226,31,GSE185920
GSM5626177,31,GSE185920
GSM5627127,31,GSE185920
GSM5627054,31,GSE185920
GSM5625894,31,GSE185920
GSM5626363,31,GSE185920
GSM5626807,31,GSE185920
GSM5625853,31,GSE185920
GSM5625889,31,GSE185920
GSM5626919,31,GSE185920
GSM5625919,31,GSE185920
GSM5626014,31,GSE185920
GSM5626970,31,GSE185920
GSM5626185,31,GSE185920
GSM5626964,31,GSE185920
GSM5625918,31,GSE185920
GSM5626174,31,GSE185920
GSM5626495,31,GSE185920
GSM5627071,31,GSE185920
GSM5626316,31,GSE185920
GSM5626376,31,GSE185920
GSM5626327,31,GSE185920
GSM5625828,31,GSE185920
GSM5625881,31,GSE185920
GSM5626886,31,GSE185920
GSM5627209,31,GSE185920
GSM5626228,31,GSE185920
GSM5626870,31,GSE185920
GSM5625901,31,GSE185920
GSM5626155,31,GSE185920
GSM5626854,31,GSE185920
GSM5627007,31,GSE185920
GSM5625979,31,GSE185920
GSM5626409,31,GSE185920
GSM5626019,31,GSE185920
GSM5626725,31,GSE185920
GSM5626799,31,GSE185920
GSM5627082,31,GSE185920
GSM5626359,31,GSE185920
GSM5626742,31,GSE185920
GSM5626458,31,GSE185920
GSM5626914,31,GSE185920
GSM5626033,31,GSE185920
GSM5626943,31,GSE185920
GSM5625965,32,GSE185920
GSM5626584,32,GSE185920
GSM5626425,32,GSE185920
GSM5626195,32,GSE185920
GSM5625841,32,GSE185920
GSM5626594,32,GSE185920
GSM5627116,32,GSE185920
GSM5627177,32,GSE185920
GSM5626451,32,GSE185920
GSM5626103,32,GSE185920
GSM5627011,32,GSE185920
GSM5626666,32,GSE185920
GSM5626250,32,GSE185920
GSM5625787,32,GSE185920
GSM5625920,32,GSE185920
GSM5625993,32,GSE185920
GSM5626315,32,GSE185920
GSM5627068,32,GSE185920
GSM5626887,32,GSE185920
GSM5626020,32,GSE185920
GSM5627147,32,GSE185920
GSM5627043,32,GSE185920
GSM5626292,32,GSE185920
GSM5625914,32,GSE185920
GSM5626944,32,GSE185920
GSM5626265,32,GSE185920
GSM5627150,32,GSE185920
GSM5625977,32,GSE185920
GSM5626321,32,GSE185920
GSM5626647,32,GSE185920
GSM5626081,32,GSE185920
GSM5625848,32,GSE185920
GSM5627105,32,GSE185920
GSM5625925,32,GSE185920
GSM5626506,32,GSE185920
GSM5626989,32,GSE185920
GSM5626464,32,GSE185920
GSM5626861,32,GSE185920
GSM5625878,32,GSE185920
GSM5626100,32,GSE185920
GSM5626819,32,GSE185920
GSM5627221,32,GSE185920
GSM5625847,32,GSE185920
GSM5626059,32,GSE185920
GSM5627183,32,GSE185920
GSM5626105,32,GSE185920
GSM5626771,32,GSE185920
GSM5626653,32,GSE185920
GSM5626062,32,GSE185920
GSM5625947,32,GSE185920
GSM5626459,32,GSE185920
GSM5625868,32,GSE185920
GSM5626869,32,GSE185920
GSM5626829,32,GSE185920
GSM5626472,32,GSE185920
GSM5626576,32,GSE185920
GSM5626644,32,GSE185920
GSM5627028,32,GSE185920
GSM5626077,32,GSE185920
GSM5626836,32,GSE185920
GSM5626123,32,GSE185920
GSM5627190,32,GSE185920
GSM5626142,32,GSE185920
GSM5626496,32,GSE185920
GSM5625866,32,GSE185920
GSM5625870,32,GSE185920
GSM5627133,32,GSE185920
GSM5626199,32,GSE185920
GSM5626682,32,GSE185920
GSM5627053,32,GSE185920
GSM5626219,32,GSE185920
GSM5626904,32,GSE185920
GSM5626107,32,GSE185920
GSM5625911,32,GSE185920
GSM5625934,32,GSE185920
GSM5626153,32,GSE185920
GSM5627212,32,GSE185920
GSM5626961,33,GSE185920
GSM5627049,33,GSE185920
GSM5626878,33,GSE185920
GSM5626900,33,GSE185920
GSM5626514,33,GSE185920
GSM5626013,33,GSE185920
GSM5627003,33,GSE185920
GSM5627078,33,GSE185920
GSM5627059,33,GSE185920
GSM5626444,33,GSE185920
GSM5626786,33,GSE185920
GSM5626569,33,GSE185920
GSM5626173,33,GSE185920
GSM5626291,33,GSE185920
GSM5627139,33,GSE185920
GSM5626130,33,GSE185920
GSM5626761,33,GSE185920
GSM5626212,33,GSE185920
GSM5627038,33,GSE185920
GSM5626218,33,GSE185920
GSM5626848,33,GSE185920
GSM5625850,33,GSE185920
GSM5627193,33,GSE185920
GSM5626384,33,GSE185920
GSM5626452,33,GSE185920
GSM5627165,33,GSE185920
GSM5626601,33,GSE185920
GSM5625845,33,GSE185920
GSM5626813,33,GSE185920
GSM5625908,33,GSE185920
GSM5626528,33,GSE185920
GSM5627153,33,GSE185920
GSM5625842,33,GSE185920
GSM5626520,33,GSE185920
GSM5626739,33,GSE185920
GSM5626681,33,GSE185920
GSM5626101,33,GSE185920
GSM5627060,33,GSE185920
GSM5626985,33,GSE185920
GSM5627204,33,GSE185920
GSM5626053,33,GSE185920
GSM5626694,33,GSE185920
GSM5626764,33,GSE185920
GSM5626835,33,GSE185920
GSM5627034,33,GSE185920
GSM5625898,33,GSE185920
GSM5626997,33,GSE185920
GSM5625819,33,GSE185920
GSM5626730,33,GSE185920
GSM5627084,33,GSE185920
GSM5626140,33,GSE185920
GSM5626946,33,GSE185920
GSM5626954,33,GSE185920
GSM5625826,33,GSE185920
GSM5627009,33,GSE185920
GSM5626008,33,GSE185920
GSM5626513,33,GSE185920
GSM5627012,33,GSE185920
GSM5625858,33,GSE185920
GSM5626933,33,GSE185920
GSM5625831,33,GSE185920
GSM5626253,33,GSE185920
GSM5627192,33,GSE185920
GSM5626022,33,GSE185920
GSM5626599,33,GSE185920
GSM5625988,33,GSE185920
GSM5626242,34,GSE185920
GSM5626833,34,GSE185920
GSM5626888,34,GSE185920
GSM5625887,34,GSE185920
GSM5626259,34,GSE185920
GSM5626967,34,GSE185920
GSM5626256,34,GSE185920
GSM5626343,34,GSE185920
GSM5626289,34,GSE185920
GSM5626241,34,GSE185920
GSM5626338,34,GSE185920
GSM5626856,34,GSE185920
GSM5626850,34,GSE185920
GSM5627103,34,GSE185920
GSM5626680,34,GSE185920
GSM5626735,34,GSE185920
GSM5626572,34,GSE185920
GSM5626932,34,GSE185920
GSM5626902,34,GSE185920
GSM5625782,34,GSE185920
GSM5626779,34,GSE185920
GSM5625987,34,GSE185920
GSM5626029,34,GSE185920
GSM5625798,34,GSE185920
GSM5626147,34,GSE185920
GSM5626120,34,GSE185920
GSM5626104,34,GSE185920
GSM5626937,34,GSE185920
GSM5626222,34,GSE185920
GSM5626131,34,GSE185920
GSM5626118,34,GSE185920
GSM5626577,34,GSE185920
GSM5626093,34,GSE185920
GSM5625824,34,GSE185920
GSM5626816,34,GSE185920
GSM5626235,34,GSE185920
GSM5626922,34,GSE185920
GSM5626714,34,GSE185920
GSM5626740,34,GSE185920
GSM5626542,34,GSE185920
GSM5627042,34,GSE185920
GSM5625958,34,GSE185920
GSM5627039,34,GSE185920
GSM5626121,34,GSE185920
GSM5626344,34,GSE185920
GSM5625963,34,GSE185920
GSM5626947,34,GSE185920
GSM5627095,34,GSE185920
GSM5626034,34,GSE185920
GSM5626404,34,GSE185920
GSM5625972,34,GSE185920
GSM5627161,34,GSE185920
GSM5626839,34,GSE185920
GSM5626531,34,GSE185920
GSM5626518,34,GSE185920
GSM5627131,34,GSE185920
GSM5625909,34,GSE185920
GSM5626361,34,GSE185920
GSM5625840,34,GSE185920
GSM5625912,34,GSE185920
GSM5626634,34,GSE185920
GSM5627178,34,GSE185920
GSM5626723,34,GSE185920
GSM5627074,34,GSE185920
GSM5626341,34,GSE185920
GSM5626743,34,GSE185920
GSM5626041,34,GSE185920
GSM5626721,34,GSE185920
GSM5626956,34,GSE185920
GSM5626354,34,GSE185920
GSM5625814,35,GSE185920
GSM5626679,35,GSE185920
GSM5627207,35,GSE185920
GSM5626736,35,GSE185920
GSM5626328,35,GSE185920
GSM5626983,35,GSE185920
GSM5626279,35,GSE185920
GSM5625875,35,GSE185920
GSM5626974,35,GSE185920
GSM5626549,35,GSE185920
GSM5626615,35,GSE185920
GSM5627189,35,GSE185920
GSM5625900,35,GSE185920
GSM5626372,35,GSE185920
GSM5626272,35,GSE185920
GSM5626582,35,GSE185920
GSM5627158,35,GSE185920
GSM5627137,35,GSE185920
GSM5626971,35,GSE185920
GSM5626071,35,GSE185920
GSM5626186,35,GSE185920
GSM5625883,35,GSE185920
GSM5626899,35,GSE185920
GSM5626815,35,GSE185920
GSM5626805,35,GSE185920
GSM5626396,35,GSE185920
GSM5626645,35,GSE185920
GSM5626323,35,GSE185920
GSM5626295,35,GSE185920
GSM5626012,35,GSE185920
GSM5626112,35,GSE185920
GSM5626608,35,GSE185920
GSM5626699,35,GSE185920
GSM5626977,35,GSE185920
GSM5625849,35,GSE185920
GSM5625990,35,GSE185920
GSM5626504,35,GSE185920
GSM5626463,35,GSE185920
GSM5626166,35,GSE185920
GSM5627101,35,GSE185920
GSM5626614,35,GSE185920
GSM5626371,35,GSE185920
GSM5626990,35,GSE185920
GSM5626045,35,GSE185920
GSM5626500,35,GSE185920
GSM5626562,35,GSE185920
GSM5626158,35,GSE185920
GSM5625855,35,GSE185920
GSM5625955,35,GSE185920
GSM5626336,35,GSE185920
GSM5627097,35,GSE185920
GSM5625779,36,GSE185920
GSM5625921,36,GSE185920
GSM5627201,36,GSE185920
GSM5626917,36,GSE185920
GSM5626405,36,GSE185920
GSM5627224,36,GSE185920
GSM5626274,36,GSE185920
GSM5625780,36,GSE185920
GSM5626183,36,GSE185920
GSM5626817,36,GSE185920
GSM5627205,36,GSE185920
GSM5627179,36,GSE185920
GSM5627040,36,GSE185920
GSM5626246,36,GSE185920
GSM5626015,36,GSE185920
GSM5626499,36,GSE185920
GSM5627093,36,GSE185920
GSM5626151,36,GSE185920
GSM5626378,36,GSE185920
GSM5626982,36,GSE185920
GSM5627148,36,GSE185920
GSM5625862,36,GSE185920
GSM5626766,36,GSE185920
GSM5626684,36,GSE185920
GSM5625944,36,GSE185920
GSM5626555,36,GSE185920
GSM5627188,36,GSE185920
GSM5626825,36,GSE185920
GSM5626960,36,GSE185920
GSM5627151,36,GSE185920
GSM5626417,36,GSE185920
GSM5625830,36,GSE185920
GSM5626152,36,GSE185920
GSM5626114,36,GSE185920
GSM5625765,36,GSE185920
GSM5626512,36,GSE185920
GSM5625860,36,GSE185920
GSM5626475,36,GSE185920
GSM5626021,36,GSE185920
GSM5626091,36,GSE185920
GSM5625885,36,GSE185920
GSM5626502,36,GSE185920
GSM5626450,36,GSE185920
GSM5625954,36,GSE185920
GSM5625803,36,GSE185920
GSM5626995,36,GSE185920
GSM5626758,36,GSE185920
GSM5626926,36,GSE185920
GSM5626752,37,GSE185920
GSM5626535,37,GSE185920
GSM5626979,37,GSE185920
GSM5626574,37,GSE185920
GSM5626414,37,GSE185920
GSM5627025,37,GSE185920
GSM5626800,37,GSE185920
GSM5626945,37,GSE185920
GSM5626455,37,GSE185920
GSM5625917,37,GSE185920
GSM5627099,37,GSE185920
GSM5626882,37,GSE185920
GSM5626823,37,GSE185920
GSM5626386,37,GSE185920
GSM5626772,37,GSE185920
GSM5626089,37,GSE185920
GSM5626280,37,GSE185920
GSM5626302,37,GSE185920
GSM5626853,37,GSE185920
GSM5626537,37,GSE185920
GSM5627077,37,GSE185920
GSM5626883,37,GSE185920
GSM5626087,37,GSE185920
GSM5626940,37,GSE185920
GSM5626579,37,GSE185920
GSM5626095,37,GSE185920
GSM5626436,37,GSE185920
GSM5626859,37,GSE185920
GSM5626760,37,GSE185920
GSM5626306,37,GSE185920
GSM5626996,37,GSE185920
GSM5627001,37,GSE185920
GSM5625770,37,GSE185920
GSM5626726,37,GSE185920
GSM5626824,37,GSE185920
GSM5625837,37,GSE185920
GSM5626411,37,GSE185920
GSM5627219,37,GSE185920
GSM5626010,37,GSE185920
GSM5625846,37,GSE185920
GSM5626277,37,GSE185920
GSM5626881,37,GSE185920
GSM5626055,37,GSE185920
GSM5626243,37,GSE185920
GSM5625786,37,GSE185920
GSM5626703,37,GSE185920
GSM5626621,37,GSE185920
GSM5626389,37,GSE185920
GSM5626676,37,GSE185920
GSM5625834,37,GSE185920
GSM5626575,37,GSE185920
GSM5625927,37,GSE185920
GSM5626413,37,GSE185920
GSM5627052,38,GSE185920
GSM5627091,38,GSE185920
GSM5626063,38,GSE185920
GSM5627041,38,GSE185920
GSM5626592,38,GSE185920
GSM5627032,38,GSE185920
GSM5626030,38,GSE185920
GSM5626812,38,GSE185920
GSM5626119,38,GSE185920
GSM5626611,38,GSE185920
GSM5626991,38,GSE185920
GSM5626613,38,GSE185920
GSM5626689,38,GSE185920
GSM5627220,38,GSE185920
GSM5626788,38,GSE185920
GSM5625973,38,GSE185920
GSM5626429,38,GSE185920
GSM5626564,38,GSE185920
GSM5626385,38,GSE185920
GSM5626048,38,GSE185920
GSM5626533,38,GSE185920
GSM5626738,38,GSE185920
GSM5625981,38,GSE185920
GSM5626851,38,GSE185920
GSM5626796,38,GSE185920
GSM5625838,38,GSE185920
GSM5627027,38,GSE185920
GSM5626490,38,GSE185920
GSM5627168,38,GSE185920
GSM5626605,38,GSE185920
GSM5625857,38,GSE185920
GSM5626203,38,GSE185920
GSM5626665,38,GSE185920
GSM5627196,38,GSE185920
GSM5626254,38,GSE185920
GSM5626616,38,GSE185920
GSM5626958,39,GSE185920
GSM5626360,39,GSE185920
GSM5627229,39,GSE185920
GSM5626975,39,GSE185920
GSM5627098,39,GSE185920
GSM5626658,39,GSE185920
GSM5626745,39,GSE185920
GSM5626951,39,GSE185920
GSM5626570,39,GSE185920
GSM5626591,39,GSE185920
GSM5626017,39,GSE185920
GSM5625825,39,GSE185920
GSM5626340,39,GSE185920
GSM5626290,39,GSE185920
GSM5626691,39,GSE185920
GSM5627109,39,GSE185920
GSM5627075,39,GSE185920
GSM5627118,39,GSE185920
GSM5626233,39,GSE185920
GSM5625996,39,GSE185920
GSM5626889,39,GSE185920
GSM5626482,39,GSE185920
GSM5626473,39,GSE185920
GSM5626377,39,GSE185920
GSM5626515,39,GSE185920
GSM5626382,39,GSE185920
GSM5626162,39,GSE185920
GSM5626768,39,GSE185920
GSM5625766,40,GSE185920
GSM5626342,40,GSE185920
GSM5625865,40,GSE185920
GSM5625956,40,GSE185920
GSM5625926,40,GSE185920
GSM5625823,40,GSE185920
GSM5626673,40,GSE185920
GSM5626550,40,GSE185920
GSM5626896,40,GSE185920
GSM5626165,40,GSE185920
GSM5626987,40,GSE185920
GSM5626196,40,GSE185920
GSM5626981,40,GSE185920
GSM5626305,40,GSE185920
GSM5626261,40,GSE185920
GSM5626846,40,GSE185920
GSM5626351,40,GSE185920
GSM5626138,40,GSE185920
GSM5625891,40,GSE185920
GSM5625907,40,GSE185920
GSM5626871,40,GSE185920
GSM5627030,40,GSE185920
GSM5625880,40,GSE185920
GSM5625836,41,GSE185920
GSM5626373,41,GSE185920
GSM5626431,41,GSE185920
GSM5625808,41,GSE185920
GSM5626127,41,GSE185920
GSM5626167,41,GSE185920
GSM5627008,41,GSE185920
GSM5625957,41,GSE185920
GSM5627197,41,GSE185920
GSM5626734,41,GSE185920
GSM5627035,41,GSE185920
GSM5626916,41,GSE185920
GSM5627198,41,GSE185920
GSM5626347,41,GSE185920
GSM5626403,41,GSE185920
GSM5625948,42,GSE185920
GSM5626398,42,GSE185920
GSM5626505,42,GSE185920
GSM5625809,42,GSE185920
GSM5626066,42,GSE185920
GSM5626136,42,GSE185920
GSM5625876,42,GSE185920
GSM5626456,42,GSE185920
GSM5626755,42,GSE185920
GSM5626938,42,GSE185920
GSM5626481,42,GSE185920
GSM5626453,42,GSE185920
GSM5627019,42,GSE185920
GSM5625962,42,GSE185920
GSM5626546,42,GSE185920
GSM5626539,42,GSE185920
GSM5626006,43,GSE185920
GSM5626408,43,GSE185920
GSM5626276,43,GSE185920
GSM5626003,43,GSE185920
GSM5626216,43,GSE185920
GSM5626424,43,GSE185920
GSM5626568,43,GSE185920
GSM5625938,43,GSE185920
GSM5626065,43,GSE185920
GSM5626032,44,GSE185920
GSM5626225,44,GSE185920
GSM5626401,44,GSE185920
GSM5626116,44,GSE185920
GSM5626390,44,GSE185920
GSM5627160,44,GSE185920
GSM5627159,44,GSE185920
GSM5627194,44,GSE185920
GSM5626139,44,GSE185920
GSM5625985,44,GSE185920
GSM5626593,44,GSE185920
GSM5626374,44,GSE185920
GSM5626622,44,GSE185920
GSM5625867,45,GSE185920
GSM5626084,45,GSE185920
GSM5627037,45,GSE185920
GSM5626891,45,GSE185920
GSM5626346,45,GSE185920
GSM5626959,45,GSE185920
GSM5626744,45,GSE185920
GSM5626873,46,GSE185920
GSM5625980,46,GSE185920
GSM5627185,46,GSE185920
GSM5627108,46,GSE185920
GSM5627216,46,GSE185920
GSM5626189,46,GSE185920
GSM5627114,46,GSE185920
GSM5626171,46,GSE185920
GSM5626972,46,GSE185920
GSM5626125,46,GSE185920
GSM5626461,46,GSE185920
GSM5626285,47,GSE185920
GSM5625910,47,GSE185920
GSM5627024,47,GSE185920
GSM5626777,47,GSE185920
GSM5626026,48,GSE185920
GSM5626205,48,GSE185920
GSM5626135,48,GSE185920
GSM5627120,48,GSE185920
GSM5627176,48,GSE185920
GSM5626098,49,GSE185920
GSM5625804,50,GSE185920
GSM5626200,50,GSE185920
GSM5626275,51,GSE185920
GSM5625931,52,GSE185920
GSM5626770,54,GSE185920
GSM5626322,56,GSE185920
GSM5627180,60,GSE185920